<ImportExportXml xmlns:xsi="http://www.w3.org/2001/XMLSchema-instance" OrganizationVersion="9.2.25014.218" OrganizationSchemaType="Standard" CRMServerServiceabilityVersion="9.2.25014.00220">
  <Entities></Entities>
  <Roles></Roles>
  <Workflows>
    <Workflow WorkflowId="{ac7817f2-1cf4-ef11-9342-000d3a14c4ca}" Name="New Task Reminder Mail">
      <JsonFileName>/Workflows/NewTaskReminderMail-AC7817F2-1CF4-EF11-9342-000D3A14C4CA.json</JsonFileName>
      <Type>1</Type>
      <Subprocess>0</Subprocess>
      <Category>5</Category>
      <Mode>0</Mode>
      <Scope>4</Scope>
      <OnDemand>0</OnDemand>
      <TriggerOnCreate>0</TriggerOnCreate>
      <TriggerOnDelete>0</TriggerOnDelete>
      <AsyncAutodelete>0</AsyncAutodelete>
      <SyncWorkflowLogOnFailure>0</SyncWorkflowLogOnFailure>
      <StateCode>1</StateCode>
      <StatusCode>2</StatusCode>
      <RunAs>1</RunAs>
      <IsTransacted>1</IsTransacted>
      <IntroducedVersion>1.0.0.0</IntroducedVersion>
      <IsCustomizable>1</IsCustomizable>
      <BusinessProcessType>0</BusinessProcessType>
      <IsCustomProcessingStepAllowedForOtherPublishers>1</IsCustomProcessingStepAllowedForOtherPublishers>
      <PrimaryEntity>none</PrimaryEntity>
      <LocalizedNames>
        <LocalizedName languagecode="1033" description="New Task Reminder Mail" />
      </LocalizedNames>
    </Workflow>
    <Workflow WorkflowId="{d97ed8cf-fcf5-ef11-9341-7c1e521687c3}" Name="Streak Flow">
      <JsonFileName>/Workflows/StreakFlow-D97ED8CF-FCF5-EF11-9341-7C1E521687C3.json</JsonFileName>
      <Type>1</Type>
      <Subprocess>0</Subprocess>
      <Category>5</Category>
      <Mode>0</Mode>
      <Scope>4</Scope>
      <OnDemand>0</OnDemand>
      <TriggerOnCreate>0</TriggerOnCreate>
      <TriggerOnDelete>0</TriggerOnDelete>
      <AsyncAutodelete>0</AsyncAutodelete>
      <SyncWorkflowLogOnFailure>0</SyncWorkflowLogOnFailure>
      <StateCode>1</StateCode>
      <StatusCode>2</StatusCode>
      <RunAs>1</RunAs>
      <IsTransacted>1</IsTransacted>
      <IntroducedVersion>1.0.0.0</IntroducedVersion>
      <IsCustomizable>1</IsCustomizable>
      <BusinessProcessType>0</BusinessProcessType>
      <IsCustomProcessingStepAllowedForOtherPublishers>1</IsCustomProcessingStepAllowedForOtherPublishers>
      <PrimaryEntity>none</PrimaryEntity>
      <LocalizedNames>
        <LocalizedName languagecode="1033" description="Streak Flow" />
      </LocalizedNames>
    </Workflow>
  </Workflows>
  <FieldSecurityProfiles></FieldSecurityProfiles>
  <Templates />
  <EntityMaps />
  <EntityRelationships />
  <OrganizationSettings />
  <optionsets />
  <CustomControls />
  <EntityDataProviders />
  <CanvasApps>
    <CanvasApp>
      <Name>new_planwise_25183</Name>
      <AppVersion>2025-03-01T03:18:29Z</AppVersion>
      <Status>Ready</Status>
      <CreatedByClientVersion>3.25022.11.0</CreatedByClientVersion>
      <MinClientVersion>3.25022.11.0</MinClientVersion>
      <Tags>{"primaryDeviceWidth":"1366","primaryDeviceHeight":"768","supportsPortrait":"true","supportsLandscape":"true","primaryFormFactor":"Tablet","showStatusBar":"false","publisherVersion":"3.25022.11","minimumRequiredApiVersion":"2.2.0","hasComponent":"true","hasUnlockedComponent":"true","isUnifiedRootApp":"false","sienaVersion":"20250301T025318Z-3.25022.11.0"}</Tags>
      <IsCdsUpgraded>0</IsCdsUpgraded>
      <GalleryItemId xsi:nil="true"></GalleryItemId>
      <BackgroundColor>RGBA(0,176,240,1)</BackgroundColor>
      <DisplayName>PlanWise</DisplayName>
      <Description xsi:nil="true"></Description>
      <CommitMessage xsi:nil="true"></CommitMessage>
      <Publisher xsi:nil="true"></Publisher>
      <AuthorizationReferences>[]</AuthorizationReferences>
      <ConnectionReferences>{"dc83ad5c-4687-47bd-a57c-7ab0e0b9d03b":{"id":"/providers/microsoft.powerapps/apis/shared_sharepointonline","displayName":"SharePoint","iconUri":"https://conn-afd-prod-endpoint-bmc9bqahasf3grgk.b01.azurefd.net/releases/v1.0.1732/1.0.1732.4070/sharepointonline/icon.png","dataSources":["PlanWiseTasks","Streak"],"dependencies":[],"dependents":[],"parameterHints":{},"parameterHintsV2":{},"isOnPremiseConnection":false,"bypassConsent":false,"dataSets":{"https://reactorhack12.sharepoint.com/sites/PlanWiseReactorHack":{"dataSources":{"PlanWiseTasks":{"tableName":"4dfb2ba7-926e-4799-a705-14abff1bf62a"},"Streak":{"tableName":"7b54a7db-c3ba-4b27-9ea6-e7209f5500da"}}}},"apiTier":"Standard","actions":["providers/PowerPlatform.Governance/Operations/Read","providers/PowerPlatform.Governance/Operations/Write"]}}</ConnectionReferences>
      <DatabaseReferences>{}</DatabaseReferences>
      <AppComponents>[]</AppComponents>
      <AppComponentDependencies>[]</AppComponentDependencies>
      <CanConsumeAppPass>0</CanConsumeAppPass>
      <CanvasAppType>0</CanvasAppType>
      <BypassConsent>0</BypassConsent>
      <AdminControlBypassConsent>0</AdminControlBypassConsent>
      <EmbeddedApp xsi:nil="true"></EmbeddedApp>
      <IntroducedVersion>1.0</IntroducedVersion>
      <CdsDependencies>{"cdsdependencies":[]}</CdsDependencies>
      <IsCustomizable>1</IsCustomizable>
      <BackgroundImageUri>/CanvasApps/new_planwise_25183_BackgroundImageUri</BackgroundImageUri>
      <DocumentUri>/CanvasApps/new_planwise_25183_DocumentUri.msapp</DocumentUri>
      <AdditionalUris>
        <AdditionalUri>/CanvasApps/new_planwise_25183_AdditionalUris0_identity.json</AdditionalUri>
      </AdditionalUris>
    </CanvasApp>
  </CanvasApps>
  <connectionreferences>
    <connectionreference connectionreferencelogicalname="new_sharedoffice365_0dc90">
      <connectionreferencedisplayname>Office 365 Outlook Solution_PlanWise-0dc90</connectionreferencedisplayname>
      <connectorid>/providers/Microsoft.PowerApps/apis/shared_office365</connectorid>
      <iscustomizable>1</iscustomizable>
      <promptingbehavior>0</promptingbehavior>
      <statecode>0</statecode>
      <statuscode>1</statuscode>
    </connectionreference>
    <connectionreference connectionreferencelogicalname="new_sharedoffice365users_62c92">
      <connectionreferencedisplayname>Office 365 Users Solution_PlanWise-62c92</connectionreferencedisplayname>
      <connectorid>/providers/Microsoft.PowerApps/apis/shared_office365users</connectorid>
      <iscustomizable>1</iscustomizable>
      <promptingbehavior>0</promptingbehavior>
      <statecode>0</statecode>
      <statuscode>1</statuscode>
    </connectionreference>
    <connectionreference connectionreferencelogicalname="new_sharedoffice365users_d97c5">
      <connectionreferencedisplayname>Office 365 Users Solution_PlanWise-d97c5</connectionreferencedisplayname>
      <connectorid>/providers/Microsoft.PowerApps/apis/shared_office365users</connectorid>
      <iscustomizable>1</iscustomizable>
      <promptingbehavior>0</promptingbehavior>
      <statecode>0</statecode>
      <statuscode>1</statuscode>
    </connectionreference>
    <connectionreference connectionreferencelogicalname="new_sharedsharepointonline_01342">
      <connectionreferencedisplayname>SharePoint Solution_PlanWise-01342</connectionreferencedisplayname>
      <connectorid>/providers/Microsoft.PowerApps/apis/shared_sharepointonline</connectorid>
      <iscustomizable>1</iscustomizable>
      <promptingbehavior>0</promptingbehavior>
      <statecode>0</statecode>
      <statuscode>1</statuscode>
    </connectionreference>
    <connectionreference connectionreferencelogicalname="new_sharedsharepointonline_f2282">
      <connectionreferencedisplayname>SharePoint Solution_PlanWise-f2282</connectionreferencedisplayname>
      <connectorid>/providers/Microsoft.PowerApps/apis/shared_sharepointonline</connectorid>
      <iscustomizable>1</iscustomizable>
      <promptingbehavior>0</promptingbehavior>
      <statecode>0</statecode>
      <statuscode>1</statuscode>
    </connectionreference>
  </connectionreferences>
  <Languages>
    <Language>1033</Language>
  </Languages>
</ImportExportXml>