{
  "properties": {
    "connectionReferences": {
      "shared_office365": {
        "runtimeSource": "embedded",
        "connection": {
          "connectionReferenceLogicalName": "new_sharedoffice365_0dc90"
        },
        "api": {
          "name": "shared_office365"
        }
      },
      "shared_office365users_1": {
        "runtimeSource": "embedded",
        "connection": {
          "connectionReferenceLogicalName": "new_sharedoffice365users_d97c5"
        },
        "api": {
          "name": "shared_office365users"
        }
      },
      "shared_sharepointonline": {
        "runtimeSource": "embedded",
        "connection": {
          "connectionReferenceLogicalName": "new_sharedsharepointonline_f2282"
        },
        "api": {
          "name": "shared_sharepointonline"
        }
      }
    },
    "definition": {
      "$schema": "https://schema.management.azure.com/providers/Microsoft.Logic/schemas/2016-06-01/workflowdefinition.json#",
      "contentVersion": "1.0.0.0",
      "parameters": {
        "$connections": {
          "defaultValue": {},
          "type": "Object"
        },
        "$authentication": {
          "defaultValue": {},
          "type": "SecureObject"
        }
      },
      "triggers": {
        "When_an_item_is_created": {
          "recurrence": {
            "interval": 5,
            "frequency": "Minute"
          },
          "splitOn": "@triggerOutputs()?['body/value']",
          "metadata": {
            "operationMetadataId": "fbca6b54-1be8-4e2d-bc26-3995ba44195f"
          },
          "type": "OpenApiConnection",
          "inputs": {
            "host": {
              "connectionName": "shared_sharepointonline",
              "operationId": "GetOnNewItems",
              "apiId": "/providers/Microsoft.PowerApps/apis/shared_sharepointonline"
            },
            "parameters": {
              "dataset": "https://reactorhack12.sharepoint.com/sites/PlanWiseReactorHack",
              "table": "4dfb2ba7-926e-4799-a705-14abff1bf62a"
            },
            "authentication": "@parameters('$authentication')"
          }
        }
      },
      "actions": {
        "Send_an_email_(V2)": {
          "runAfter": {
            "Get_my_profile_(V2)": [
              "Succeeded"
            ]
          },
          "metadata": {
            "operationMetadataId": "c0b6c1d4-f4db-4d19-9f3e-ea7ebfb7e61c"
          },
          "type": "OpenApiConnection",
          "inputs": {
            "host": {
              "connectionName": "shared_office365",
              "operationId": "SendEmailV2",
              "apiId": "/providers/Microsoft.PowerApps/apis/shared_office365"
            },
            "parameters": {
              "emailMessage/To": "@outputs('Get_my_profile_(V2)')?['body/mail']",
              "emailMessage/Subject": "Reminder: Task due soon",
              "emailMessage/Body": "<p>Hi @{outputs('Get_my_profile_(V2)')?['body/displayName']},<br>\n<br>\nThis is a reminder that you have the task \"@{triggerOutputs()?['body/Title']}\" scheduled soon. Keep up the great work and maintain your daily streak by finishing it on time!<br>\n<br>\nThank you,<br>\nPlanWise</p>",
              "emailMessage/Importance": "Normal"
            },
            "authentication": "@parameters('$authentication')"
          }
        },
        "Get_my_profile_(V2)": {
          "runAfter": {},
          "metadata": {
            "operationMetadataId": "60104e59-d39a-41cc-98a7-ee241a8cd919"
          },
          "type": "OpenApiConnection",
          "inputs": {
            "host": {
              "connectionName": "shared_office365users_1",
              "operationId": "MyProfile_V2",
              "apiId": "/providers/Microsoft.PowerApps/apis/shared_office365users"
            },
            "parameters": {},
            "authentication": "@parameters('$authentication')"
          }
        }
      }
    },
    "templateName": ""
  },
  "schemaVersion": "1.0.0.0"
}