{
  "properties": {
    "connectionReferences": {
      "shared_sharepointonline_1": {
        "runtimeSource": "embedded",
        "connection": {
          "connectionReferenceLogicalName": "new_sharedsharepointonline_f2282"
        },
        "api": {
          "name": "shared_sharepointonline"
        }
      },
      "shared_sharepointonline": {
        "runtimeSource": "embedded",
        "connection": {
          "connectionReferenceLogicalName": "new_sharedsharepointonline_01342"
        },
        "api": {
          "name": "shared_sharepointonline"
        }
      }
    },
    "definition": {
      "$schema": "https://schema.management.azure.com/providers/Microsoft.Logic/schemas/2016-06-01/workflowdefinition.json#",
      "contentVersion": "1.0.0.0",
      "parameters": {
        "$connections": {
          "defaultValue": {},
          "type": "Object"
        },
        "$authentication": {
          "defaultValue": {},
          "type": "SecureObject"
        }
      },
      "triggers": {
        "Recurrence": {
          "recurrence": {
            "frequency": "Day",
            "interval": 1,
            "startTime": "2025-02-28T18:15:00Z",
            "schedule": {
              "hours": [
                "11"
              ],
              "minutes": [
                30
              ]
            }
          },
          "metadata": {
            "operationMetadataId": "cfb64197-85e8-4482-aa75-5dcd37b75559"
          },
          "type": "Recurrence"
        }
      },
      "actions": {
        "Get_items": {
          "runAfter": {},
          "metadata": {
            "operationMetadataId": "fe4fc601-a8b7-41c5-abdf-58beb0ab498c"
          },
          "type": "OpenApiConnection",
          "inputs": {
            "host": {
              "connectionName": "shared_sharepointonline_1",
              "operationId": "GetItems",
              "apiId": "/providers/Microsoft.PowerApps/apis/shared_sharepointonline"
            },
            "parameters": {
              "dataset": "https://reactorhack12.sharepoint.com/sites/PlanWiseReactorHack",
              "table": "4dfb2ba7-926e-4799-a705-14abff1bf62a",
              "$filter": " TaskTime ge '@{convertTimeZone(utcNow('yyyy-MM-ddT00:00:00Z'), 'UTC', 'India Standard Time')}' and TaskTime lt '@{addDays(convertTimeZone(utcNow(), 'UTC', 'India Standard Time'), 1, 'yyyy-MM-ddT00:00:00Z')}'"
            },
            "authentication": "@parameters('$authentication')"
          }
        },
        "Condition_3": {
          "actions": {
            "Tasks": {
              "runAfter": {},
              "metadata": {
                "operationMetadataId": "edf949a0-2efa-4936-a2be-2dd72ce7f91e"
              },
              "type": "OpenApiConnection",
              "inputs": {
                "host": {
                  "connectionName": "shared_sharepointonline",
                  "operationId": "GetItems",
                  "apiId": "/providers/Microsoft.PowerApps/apis/shared_sharepointonline"
                },
                "parameters": {
                  "dataset": "https://reactorhack12.sharepoint.com/sites/PlanWiseReactorHack",
                  "table": "4dfb2ba7-926e-4799-a705-14abff1bf62a",
                  "$filter": "TaskStatus eq 'Pending' and TaskTime ge '@{convertTimeZone(utcNow('yyyy-MM-ddT00:00:00Z'), 'UTC', 'India Standard Time')}' and TaskTime lt '@{addDays(convertTimeZone(utcNow(), 'UTC', 'India Standard Time'), 1, 'yyyy-MM-ddT00:00:00Z')}'"
                },
                "authentication": "@parameters('$authentication')"
              }
            },
            "Condition": {
              "actions": {
                "Streak": {
                  "runAfter": {},
                  "metadata": {
                    "operationMetadataId": "633fe7de-7237-4ae5-8eab-22c63cf79d1a"
                  },
                  "type": "OpenApiConnection",
                  "inputs": {
                    "host": {
                      "connectionName": "shared_sharepointonline",
                      "operationId": "GetItems",
                      "apiId": "/providers/Microsoft.PowerApps/apis/shared_sharepointonline"
                    },
                    "parameters": {
                      "dataset": "https://reactorhack12.sharepoint.com/sites/PlanWiseReactorHack",
                      "table": "7b54a7db-c3ba-4b27-9ea6-e7209f5500da",
                      "$filter": "Title eq 'LastModifiedStreak'"
                    },
                    "authentication": "@parameters('$authentication')"
                  }
                },
                "Condition_2": {
                  "actions": {
                    "Apply_to_each": {
                      "foreach": "@outputs('Streak')?['body/value']",
                      "actions": {
                        "Update_item": {
                          "runAfter": {},
                          "metadata": {
                            "operationMetadataId": "4c7edbdf-70d5-459f-9580-0f65c7706005"
                          },
                          "type": "OpenApiConnection",
                          "inputs": {
                            "host": {
                              "connectionName": "shared_sharepointonline",
                              "operationId": "PatchItem",
                              "apiId": "/providers/Microsoft.PowerApps/apis/shared_sharepointonline"
                            },
                            "parameters": {
                              "dataset": "https://reactorhack12.sharepoint.com/sites/PlanWiseReactorHack",
                              "table": "7b54a7db-c3ba-4b27-9ea6-e7209f5500da",
                              "id": "@items('Apply_to_each')?['ID']",
                              "item/Date": "@convertTimeZone(utcNow(),'UTC','India Standard Time')",
                              "item/InitialValueSet": true,
                              "item/Streak": "@add(outputs('Streak')?['body/value'][0]['Streak'],1)"
                            },
                            "authentication": "@parameters('$authentication')"
                          }
                        }
                      },
                      "runAfter": {},
                      "metadata": {
                        "operationMetadataId": "3705304f-f57b-4e79-9af3-711fb86858e3"
                      },
                      "type": "Foreach"
                    }
                  },
                  "runAfter": {
                    "Streak": [
                      "Succeeded"
                    ]
                  },
                  "else": {
                    "actions": {
                      "Apply_to_each_2": {
                        "foreach": "@outputs('Streak')?['body/value']",
                        "actions": {
                          "Update_item_2": {
                            "runAfter": {},
                            "metadata": {
                              "operationMetadataId": "755f2758-67ce-4184-8f7c-baf39387ce84"
                            },
                            "type": "OpenApiConnection",
                            "inputs": {
                              "host": {
                                "connectionName": "shared_sharepointonline",
                                "operationId": "PatchItem",
                                "apiId": "/providers/Microsoft.PowerApps/apis/shared_sharepointonline"
                              },
                              "parameters": {
                                "dataset": "https://reactorhack12.sharepoint.com/sites/PlanWiseReactorHack",
                                "table": "7b54a7db-c3ba-4b27-9ea6-e7209f5500da",
                                "id": "@items('Apply_to_each_2')?['ID']",
                                "item/Date": "@convertTimeZone(utcNow(),'UTC','India Standard Time')",
                                "item/InitialValueSet": true,
                                "item/Streak": 1
                              },
                              "authentication": "@parameters('$authentication')"
                            }
                          }
                        },
                        "runAfter": {},
                        "metadata": {
                          "operationMetadataId": "408504c2-462c-4d61-85c1-bfa2fc375191"
                        },
                        "type": "Foreach"
                      }
                    }
                  },
                  "expression": {
                    "equals": [
                      "@div(sub(ticks(convertTimeZone(utcNow(), 'UTC', 'India Standard Time')),ticks(outputs('Streak')?['body/value'][0]['Date'])), 864000000000)",
                      1
                    ]
                  },
                  "metadata": {
                    "operationMetadataId": "7176cdb9-f4f9-45bc-ac2f-67b8bfe59c42"
                  },
                  "type": "If"
                }
              },
              "runAfter": {
                "Tasks": [
                  "Succeeded"
                ]
              },
              "else": {
                "actions": {
                  "Streak_2": {
                    "runAfter": {},
                    "metadata": {
                      "operationMetadataId": "a694bdd9-9145-436c-ad24-9672271d7dc9"
                    },
                    "type": "OpenApiConnection",
                    "inputs": {
                      "host": {
                        "connectionName": "shared_sharepointonline",
                        "operationId": "GetItems",
                        "apiId": "/providers/Microsoft.PowerApps/apis/shared_sharepointonline"
                      },
                      "parameters": {
                        "dataset": "https://reactorhack12.sharepoint.com/sites/PlanWiseReactorHack",
                        "table": "7b54a7db-c3ba-4b27-9ea6-e7209f5500da",
                        "$filter": "Title eq 'LastModifiedStreak'"
                      },
                      "authentication": "@parameters('$authentication')"
                    }
                  },
                  "Apply_to_each_3": {
                    "foreach": "@outputs('Streak_2')?['body/value']",
                    "actions": {
                      "Update_item_3": {
                        "runAfter": {},
                        "metadata": {
                          "operationMetadataId": "700ed593-f74f-4e58-81e2-f38f37dc591b"
                        },
                        "type": "OpenApiConnection",
                        "inputs": {
                          "host": {
                            "connectionName": "shared_sharepointonline",
                            "operationId": "PatchItem",
                            "apiId": "/providers/Microsoft.PowerApps/apis/shared_sharepointonline"
                          },
                          "parameters": {
                            "dataset": "https://reactorhack12.sharepoint.com/sites/PlanWiseReactorHack",
                            "table": "7b54a7db-c3ba-4b27-9ea6-e7209f5500da",
                            "id": "@items('Apply_to_each_3')?['ID']",
                            "item/InitialValueSet": true,
                            "item/Streak": 0
                          },
                          "authentication": "@parameters('$authentication')"
                        }
                      }
                    },
                    "runAfter": {
                      "Streak_2": [
                        "Succeeded"
                      ]
                    },
                    "metadata": {
                      "operationMetadataId": "e24a2910-0da9-457a-8e01-d03df5ed90f9"
                    },
                    "type": "Foreach"
                  }
                }
              },
              "expression": {
                "equals": [
                  "@length(outputs('Tasks')?['body/value'])",
                  0
                ]
              },
              "metadata": {
                "operationMetadataId": "16de3436-c5c4-4510-b351-25b8e448b318"
              },
              "type": "If"
            }
          },
          "runAfter": {
            "Get_items": [
              "Succeeded"
            ]
          },
          "else": {
            "actions": {
              "Get_items_2": {
                "runAfter": {},
                "metadata": {
                  "operationMetadataId": "b82c6125-58b0-429b-ae25-6e396a16ecf1"
                },
                "type": "OpenApiConnection",
                "inputs": {
                  "host": {
                    "connectionName": "shared_sharepointonline_1",
                    "operationId": "GetItems",
                    "apiId": "/providers/Microsoft.PowerApps/apis/shared_sharepointonline"
                  },
                  "parameters": {
                    "dataset": "https://reactorhack12.sharepoint.com/sites/PlanWiseReactorHack",
                    "table": "7b54a7db-c3ba-4b27-9ea6-e7209f5500da",
                    "$filter": "Title eq 'LastModifiedStreak'"
                  },
                  "authentication": "@parameters('$authentication')"
                }
              },
              "Apply_to_each_4": {
                "foreach": "@outputs('Get_items_2')?['body/value']",
                "actions": {
                  "Update_item_4": {
                    "runAfter": {},
                    "metadata": {
                      "operationMetadataId": "16e218c4-0a75-4a01-b421-ec2ba862d0b4"
                    },
                    "type": "OpenApiConnection",
                    "inputs": {
                      "host": {
                        "connectionName": "shared_sharepointonline_1",
                        "operationId": "PatchItem",
                        "apiId": "/providers/Microsoft.PowerApps/apis/shared_sharepointonline"
                      },
                      "parameters": {
                        "dataset": "https://reactorhack12.sharepoint.com/sites/PlanWiseReactorHack",
                        "table": "7b54a7db-c3ba-4b27-9ea6-e7209f5500da",
                        "id": "@items('Apply_to_each_4')?['ID']",
                        "item/InitialValueSet": true,
                        "item/Streak": 0
                      },
                      "authentication": "@parameters('$authentication')"
                    }
                  }
                },
                "runAfter": {
                  "Get_items_2": [
                    "Succeeded"
                  ]
                },
                "metadata": {
                  "operationMetadataId": "7d95ce80-2fc5-449e-bf59-7f4fbc8e5f14"
                },
                "type": "Foreach"
              }
            }
          },
          "expression": {
            "not": {
              "equals": [
                "@length(outputs('Get_items')?['body/value'])",
                0
              ]
            }
          },
          "metadata": {
            "operationMetadataId": "83e25a94-93ff-4be9-9c43-33057f9611a3"
          },
          "type": "If"
        }
      }
    },
    "templateName": ""
  },
  "schemaVersion": "1.0.0.0"
}